{"version": "1", "message": "ERROR: Hidden Testcases server unreachable.", "problem_id": "ads2_m2_a1_1", "user_id": "18031J0016", "score": {"sample": {"0": {"execution_time": 0.12566280364990234, "passed": true}, "1": {"execution_time": 0.14185619354248047, "passed": true}, "2": {"execution_time": 0.1107015609741211, "passed": true}, "3": {"execution_time": 0.12238717079162598, "passed": true}, "4": {"execution_time": 0.14159369468688965, "passed": true}, "5": {"execution_time": 0.1096489429473877, "passed": true}, "6": {"execution_time": 0.13962435722351074, "passed": true}, "7": {"execution_time": 0.15259218215942383, "passed": true}, "8": {"execution_time": 0.10466790199279785, "passed": true}, "9": {"execution_time": 0.11269879341125488, "passed": true}, "10": {"execution_time": 0.1605374813079834, "passed": true}, "11": {"execution_time": 0.13363265991210938, "passed": true}, "12": {"execution_time": 0.10571646690368652, "passed": true}, "13": {"execution_time": 0.13965630531311035, "passed": true}, "14": {"execution_time": 0.12267327308654785, "passed": true}, "15": {"execution_time": 0.13163280487060547, "passed": true}, "16": {"execution_time": 0.13164877891540527, "passed": true}, "17": {"execution_time": 0.12846851348876953, "passed": true}, "18": {"execution_time": 0.1186830997467041, "passed": true}, "19": {"execution_time": 0.13065218925476074, "passed": true}, "20": {"execution_time": 0.11269950866699219, "passed": true}, "21": {"execution_time": 0.1105799674987793, "passed": true}, "22": {"execution_time": 0.15857410430908203, "passed": true}, "23": {"execution_time": 0.15000438690185547, "passed": true}}}, "check_style_score": "0/1"}