{"version": "1", "message": "ERROR: Hidden Testcases server unreachable.", "problem_id": "ads2_m2_a1_1", "user_id": "18031J0016", "score": {"sample": {"0": {"execution_time": 0.23536944389343262, "passed": true}, "1": {"execution_time": 0.11173415184020996, "passed": true}, "2": {"execution_time": 0.10970878601074219, "passed": true}, "3": {"execution_time": 0.09878230094909668, "passed": true}, "4": {"execution_time": 0.09970855712890625, "passed": true}, "5": {"execution_time": 0.10172796249389648, "passed": true}, "6": {"execution_time": 0.09973359107971191, "passed": true}, "7": {"execution_time": 0.09773993492126465, "passed": true}, "8": {"execution_time": 0.1007695198059082, "passed": true}, "9": {"execution_time": 0.0997321605682373, "passed": true}, "10": {"execution_time": 0.1077127456665039, "passed": true}, "11": {"execution_time": 0.11075925827026367, "passed": true}, "12": {"execution_time": 0.09870195388793945, "passed": true}, "13": {"execution_time": 0.10677075386047363, "passed": true}, "14": {"execution_time": 0.10167980194091797, "passed": true}, "15": {"execution_time": 0.09975266456604004, "passed": true}, "16": {"execution_time": 0.11574149131774902, "passed": true}, "17": {"execution_time": 0.10970830917358398, "passed": true}, "18": {"execution_time": 0.10970497131347656, "passed": true}, "19": {"execution_time": 0.1186826229095459, "passed": true}, "20": {"execution_time": 0.1276700496673584, "passed": true}, "21": {"execution_time": 0.10970616340637207, "passed": true}, "22": {"execution_time": 0.17552995681762695, "passed": true}, "23": {"execution_time": 0.13663601875305176, "passed": true}}}, "check_style_score": "0/1"}