{"version": "1", "message": "ERROR: Hidden Testcases server unreachable.", "problem_id": "ads2_m2_a1_1", "user_id": "18031J0016", "score": {"sample": {"0": {"execution_time": 0.32312846183776855, "passed": true}, "1": {"execution_time": 0.10871052742004395, "passed": true}, "2": {"execution_time": 0.1077117919921875, "passed": true}, "3": {"execution_time": 0.13856172561645508, "passed": true}, "4": {"execution_time": 0.1386280059814453, "passed": true}, "5": {"execution_time": 0.1346750259399414, "passed": true}, "6": {"execution_time": 0.10171222686767578, "passed": true}, "7": {"execution_time": 0.12865734100341797, "passed": true}, "8": {"execution_time": 0.19845938682556152, "passed": true}, "9": {"execution_time": 0.10674834251403809, "passed": true}, "10": {"execution_time": 0.1486043930053711, "passed": true}, "11": {"execution_time": 0.13158559799194336, "passed": true}, "12": {"execution_time": 0.09973263740539551, "passed": true}, "13": {"execution_time": 0.10372304916381836, "passed": true}, "14": {"execution_time": 0.15804171562194824, "passed": true}, "15": {"execution_time": 0.11167168617248535, "passed": true}, "16": {"execution_time": 0.1047210693359375, "passed": true}, "17": {"execution_time": 0.14760661125183105, "passed": true}, "18": {"execution_time": 0.11169862747192383, "passed": true}, "19": {"execution_time": 0.21802091598510742, "passed": true}, "20": {"execution_time": 0.15059518814086914, "passed": true}, "21": {"execution_time": 0.11051106452941895, "passed": true}, "22": {"execution_time": 0.13763093948364258, "passed": true}, "23": {"execution_time": 0.14857196807861328, "passed": true}}}, "check_style_score": "0/1"}